origin_country,manufacturer,brand,model_year,average_cost,top_speed_kph
Germany,Mercedes-Benz,CLS-Class,2006,49100,250
"United States",Jeep,"Wrangler Unlimited",2015,68800,157
Japan,Nissan,Urvan,2007,23700,170
Italy,Lamborghini,"Huracan Spyder",2017,649850,324
Canada,Dodge,"Charger SRT",2019,176000,280
Germany,BMW,"3-Series Convertible",2010,40500,226
"South Korea",Ssangyong,Kyron,2013,19600,160
Germany,Mercedes-Benz,E-Class,2018,111950,240
"United States",Toyota,Avalon,2006,20500,208
"United Kingdom",Mini,"Cooper 5-door",2016,78600,210
Germany,Audi,S3,2016,89000,250
Japan,Honda,S2000,2006,32150,241
"United States",Ford,Explorer,2013,36550,173
Japan,Mitsubishi,"Eclipse Cross",2022,73700,200
Japan,Mazda,"3 Sedan",2022,78950,210
Germany,Mercedes-Benz,"AMG GT",2018,348750,304
Mexico,Ford,Fusion,2011,13500,200
Japan,Lexus,LX,2009,112100,220
Japan,Infiniti,"Q60 Coupe",2015,60350,253
Slovakia,Peugeot,206,2010,46000,171
Germany,Mercedes-Benz,"S 65 AMG",2007,116250,250
Germany,Opel,Astra,2021,85450,210
Germany,Mercedes-Benz,E-Class,2015,72550,233
Japan,Nissan,X-Trail,2008,16200,181
Germany,BMW,X4,2019,168000,220
"United Kingdom",Honda,"Civic Hatchback",2011,25150,197
Germany,Mercedes-Benz,"C 63 AMG",2018,199900,250
"United States",BMW,X3,2021,270000,240
"South Korea",Kia,Sportage,2005,14600,180
Thailand,Toyota,"Corolla Cross",2021,89950,200
Italy,Ferrari,"488 Spider",2017,752500,330
Japan,Subaru,"Impreza WRX",2011,28500,227
Portugal,Volkswagen,Eos,2007,23150,208
Spain,Audi,"Q3 Sportback",2020,124650,207
China,Dongfeng,"H30 Cross",2016,19000,172
France,Peugeot,208,2013,14150,216
"United Kingdom",Mini,"Cooper 5-door",2020,121150,210
Japan,Nissan,Sunny,2004,2900,163
Japan,Mazda,CX-9,2015,52500,225
"United Kingdom",Bentley,"Flying Spur",2017,454500,295
Germany,BMW,4-Series,2015,66800,236
"United States",Ford,"Crown Victoria",2008,12600,200
France,Citroen,C4,2016,23150,185
"United States",Ford,"Mustang Convertible",2016,65500,181
"South Korea",Kia,Sorento,2016,49150,189
"United States",Ford,"Crown Victoria",1999,4050,200
Germany,BMW,"6-Series Coupe",2010,55950,250
Japan,Mazda,B-Series,1999,4550,140
Austria,BMW,Z4,2020,188000,226
"United States",Subaru,Tribeca,2007,24650,195
"South Korea",Hyundai,Staria,2021,125000,210
Japan,Mazda,2,2021,47950,185
"United States",Cadillac,SRX,2007,26000,200
Mexico,Volkswagen,Beetle,2016,46850,229
Mexico,Mercury,Milan,2011,85000,200
"South Korea",Ssangyong,Rodius,2012,19400,191
Japan,Lexus,GS,2013,51700,227
Germany,Mercedes-Benz,"C-Class Coupe",2015,76800,240
"United States",Jeep,"Grand Cherokee",2012,34400,181
China,Maxus,V80,2021,93500,160
Austria,Jeep,Commander,2006,18100,180
Germany,Opel,Insignia,2021,119950,235
"United States",Chevrolet,Bolt,2020,139800,146
"United States",Cadillac,"CTS Coupe",2011,26300,249
Austria,BMW,X3,2010,34200,210
Japan,Toyota,Corolla,2004,7000,180
Sweden,Volvo,XC90,2011,29850,200
Indonesia,Toyota,Hilux,2011,22750,170
"South Korea",Kia,Sportage,2014,33500,170
"United Kingdom",Mini,Cooper,2021,145975,210
Japan,Subaru,Forester,2006,78250,185
"United States",Mercedes-Benz,GLS-Class,2017,195750,250
Sweden,Volvo,S80,2014,42050,230
"United States",GMC,Yukon,2018,116500,180
Italy,Ferrari,"F8 Spider",2022,1099500,340
"South Korea",Opel,Mokka,2015,20750,180
China,Dorcen,G70S,2022,97643,180
Romania,Renault,Logan,2011,5650,185
Germany,Mercedes-Benz,"CLS Shooting Brake",2013,95100,250
Italy,Maserati,Ghibli,2017,163900,263
China,Changan,CS95,2020,86850,185
France,Renault,"Laguna Coupe",2014,27250,240
"United Kingdom",Lotus,Emira,2022,317500,250
"United Kingdom",Bentley,"Continental GTC",2021,925000,308
Japan,Mitsubishi,"Pajero SWB",2013,46700,180
India,Suzuki,"Swift Dzire",2013,14700,158
Germany,Volkswagen,Multivan,2017,79000,205
Austria,Mercedes-Benz,G-Class,2019,479700,210
Germany,BMW,M5,2016,308450,250
Germany,BMW,2-Series,2022,207500,230
"United Kingdom",Mini,Coupe,2013,66550,201
"United States",Nissan,Pathfinder,2014,33500,192
France,Peugeot,Partner,2013,8450,149
Germany,Mercedes-Benz,"GLC 43 AMG Coupe",2020,246000,250
"United States",Chevrolet,Silverado,2008,27600,172
"United States",GMC,Acadia,2013,31800,172
"United Kingdom",Jaguar,"F-Type Coupe",2022,258625,250
Sweden,Saab,3-Sep,2011,149500,205
Japan,Infiniti,Q50,2020,120350,240
Germany,Volkswagen,"Golf GTI",2014,45450,250
"United States",Chevrolet,Traverse,2009,19700,172
China,Chery,"V5 Crossover",2015,18550,175
Sweden,Volvo,"V90 Cross Country",2019,256500,250
France,Peugeot,508,2017,38350,220
Italy,Lamborghini,"Aventador Roadster",2022,1675000,354
Germany,Mercedes-Benz,C-Class,2017,77800,223
Italy,Ferrari,"812 GTS",2021,1400000,340
"United States",Chevrolet,Suburban,2015,57350,180
"United States",Dodge,Viper,2014,240650,331
"South Korea",Hyundai,"Santa Fe",2008,17500,181
Canada,GMC,Terrain,2019,73800,200
France,Citroen,C8,2005,7000,182
Thailand,Honda,HR-V,2022,69950,190
China,ZNA,Rich,2019,24300,160
Germany,Mercedes-Benz,"AMG GT",2017,313850,304
Spain,Mercedes-Benz,Viano,2007,20900,156
Canada,Chrysler,300C,2022,145000,210
Germany,Volkswagen,Multivan,2021,182500,205
"South Korea",Hyundai,Creta,2016,28300,190
Austria,Mercedes-Benz,"G 63 AMG",2020,672400,220
"United States",Toyota,Avalon,2017,62600,207
China,Chery,"B11 Oriental Son",2009,9600,175
"United Kingdom",Bentley,Brooklands,2008,329850,296
Germany,Mercedes-Benz,"C 63 AMG",2010,59500,250
Japan,Toyota,Hiace,2018,50300,160
Japan,Mitsubishi,"Pajero Sport",2011,11850,175
"South Korea",Hyundai,Veloster,2015,27200,195
Germany,Ford,"Focus ST",2016,34450,246
Japan,Nissan,GT-R,2015,201100,315
Spain,Seat,Leon,2012,70500,184
Germany,BMW,"6-Series Cabriolet",2015,130200,250
China,Maxus,D90,2021,85250,175
"United States",Mercedes-Benz,"ML 63 AMG",2010,106300,250
"United States",Subaru,Tribeca,2008,30250,207
Spain,Audi,Q3,2019,86150,200
China,JAC,"S3 SUV",2020,33000,170
France,Peugeot,Partner,2017,48500,149
Japan,Mitsubishi,"Lancer EX",2015,19500,180
Germany,Audi,"A5 Sportback",2017,101200,250
Germany,Porsche,"911 GT2",2018,611650,340
"United Kingdom",Jaguar,"XF Sportbrake",2018,121400,248
"United States",Jeep,Wrangler,2014,58350,157
France,Peugeot,207,2012,57500,180
Slovakia,Audi,Q7,2009,39450,225
Japan,Toyota,86,2017,45250,218
Japan,Lexus,IS,2022,176000,224
"South Korea",Kia,Optima,2020,60050,208
China,JAC,"M5 MPV",2017,29600,160
"South Korea",Kia,Carens,2019,36800,185
"United States",Dodge,Durango,2017,71350,197
China,Chery,"S11 QQ",2007,3200,130
"United States",Ram,2500,2020,246500,200
"South Korea",Hyundai,Elantra,2008,9800,185
"United States",Nissan,Pathfinder,2007,14150,190
Japan,Mitsubishi,"Pajero SWB",2020,80300,180
Japan,Infiniti,QX80,2019,180500,200
Japan,Lexus,LX,2013,369000,220
"United States",Mitsubishi,Galant,2010,5400,208
Sweden,Volvo,S60,2011,20900,225
Japan,Nissan,Patrol,2012,71600,200
Germany,Volkswagen,"Passat CC",2013,38400,223
Japan,Honda,"Odyssey J",2017,58400,200
Japan,Nissan,"Patrol Safari",2018,96500,190
Germany,Volkswagen,Golf,2017,40700,192
Japan,Toyota,"Land Cruiser Prado",2013,57750,170
Japan,Nissan,"Patrol Safari",2019,101200,190
Germany,Mercedes-Benz,"S 65 AMG",2010,159450,250
Germany,Audi,"A5 Cabriolet",2010,43850,219
Australia,Toyota,Aurion,2009,25450,228
Thailand,Mitsubishi,L200,2014,24200,180
Mexico,Volkswagen,Jetta,2015,29350,193
Japan,Toyota,"Land Cruiser",2020,150050,200
Germany,Ford,Focus,2018,34950,212
Canada,Dodge,"Charger SRT",2020,220000,328
Germany,Audi,A8,2013,104500,250
India,Hyundai,"Grand i10",2018,23750,140
Japan,Toyota,Camry,2019,63650,195
"United Kingdom",Bentley,Bentayga,2021,1325000,290
China,Zotye,T600,2019,39000,185
Slovakia,Volkswagen,Touareg,2009,48550,218
Japan,Subaru,"Impreza WRX STI",2016,64000,250
Germany,Mercedes-Benz,CLS-Class,2015,127600,250
"South Korea",Hyundai,Azera,2012,26500,210
Thailand,Isuzu,D-Max,2012,17700,155
Belgium,Audi,A3,2011,22900,222
China,Ford,Escort,2022,62500,187
Australia,Toyota,Camry,2008,17800,194
"United Kingdom",Mini,Clubman,2019,113250,210
"United Kingdom",McLaren,"570GT Coupe",2018,579100,328
Germany,Mercedes-Benz,"E 55 AMG",2004,415000,250
Germany,Audi,S8,2014,211600,250
Japan,Nissan,Urvan,2021,78838,170
Austria,BMW,X3,2009,30800,210
Germany,Opel,Corsa,2006,3700,175
"United States",Mitsubishi,Eclipse,2011,105500,214
Japan,Mazda,6,2007,11850,209
"Czech Republic",Skoda,Superb,2006,13600,210
"United States",Ford,Escape,2019,41450,180
Japan,Mazda,CX-5,2021,89450,210
Japan,Subaru,Impreza,2018,41500,185
Germany,Mercedes-Benz,C-Class,2010,37350,222
"South Korea",Kia,Sportage,2007,16850,180
China,Geely,"Emgrand GS",2018,30550,180
Germany,Porsche,"911 Turbo Cabriolet",2022,710850,320
"United States",Ford,Escape,2003,6500,180
India,Suzuki,Swift,2011,15350,168
Germany,Mercedes-Benz,"E-Class Coupe",2020,121400,240
Japan,Daihatsu,Terios,2007,9000,155
"United States",Chevrolet,Suburban,2010,39000,172
"South Korea",Hyundai,Trajet,2002,6600,177
Japan,Lexus,"IS C",2013,53350,215
"South Korea",Kia,Soul,2016,26200,177
Germany,BMW,M5,2013,224900,250
Turkey,Ford,"Tourneo Custom",2019,60050,150
"United States",Cadillac,STS,2010,30400,200
China,BYD,F6,2010,10100,188
Germany,Mercedes-Benz,A-Class,2015,45850,240
Indonesia,Toyota,Hilux,2015,34100,170
"United States",Cadillac,CT5,2020,116400,240
"United States",Ford,Escape,2017,31000,180
"Czech Republic",Skoda,Superb,2022,96500,219
"South Korea",Genesis,G80,2019,120350,240
"United States",Nissan,"Altima Coupe",2012,19800,200
"United States",Honda,Pilot,2012,48050,175
Japan,Toyota,"FJ Cruiser",2021,175750,180
Hungary,Mercedes-Benz,CLA-Class,2015,68000,240
Germany,Mercedes-Benz,"E 63 AMG",2016,256650,250
Austria,Mercedes-Benz,G-Class,2022,650000,210
Japan,Mitsubishi,Outlander,2017,37400,190
"United Kingdom",Jaguar,XJ,2012,80700,235
Spain,Opel,"Crossland X",2020,61200,190
"United States",Ford,"Mustang Convertible",2011,37100,181
Australia,Chevrolet,Caprice,2011,27200,250
India,Suzuki,Ertiga,2021,54000,170
Japan,Lexus,LX,2020,365850,210
"United States",Volvo,S60,2022,189950,180
Belgium,Ford,Mondeo,2013,19150,208
Sweden,Volvo,V70,2011,18950,210
China,GAC,GS4,2017,29850,180
Italy,Ferrari,"812 Superfast",2018,964700,340
"United States",Cadillac,ATS,2018,56400,220
Germany,Mercedes-Benz,"GLC 63 AMG Coupe",2019,261450,250
"South Korea",Hyundai,i30,2011,24050,192
Japan,Nissan,X-Trail,2019,72000,170
Romania,Renault,Symbol,2015,11000,183
Japan,Lexus,LFA,2011,4110650,325
"South Korea",Chevrolet,Malibu,2021,79600,220
"United States",Chevrolet,Tahoe,2013,49050,172
Germany,Porsche,Cayenne,2021,352450,245
Japan,Suzuki,Jimny,1999,6900,138
"United States",Jeep,"Wrangler Unlimited",2020,140800,157
Japan,Subaru,Impreza,2008,15250,172
Japan,Infiniti,QX80,2014,71950,200
Italy,Maserati,GranCabrio,2019,359400,291
"South Korea",Hyundai,i40,2013,35600,198
Japan,Subaru,Outback,2010,25200,198
Sweden,Volvo,S40,2010,16100,185
Sweden,Volvo,V50,2009,12900,185
Germany,BMW,5-Series,2005,24150,223
Germany,BMW,M8,2021,675000,250
Sweden,Volvo,S60,2009,19350,219
France,Peugeot,"308 CC",2012,117000,212
Germany,Mercedes-Benz,"GLC 43 AMG Coupe",2022,300000,250
"South Korea",Kia,Quoris,2014,81600,240
Japan,Mazda,"6 Wagon",2018,44950,210
Japan,Lexus,ES,2021,195500,180
Sweden,Volvo,C70,2010,22650,215
Japan,Mitsubishi,Pajero,2008,22950,175
Japan,Suzuki,Jimny,2004,8950,138
Italy,Ferrari,"612 Scaglietti",2007,569700,315
Italy,Lamborghini,Huracan,2022,1200000,320
Germany,Porsche,"911 Cabriolet",2012,111000,288
Italy,Maserati,GranTurismo,2014,174700,285
"South Korea",Hyundai,H1,2007,7700,142
"United States",Mercedes-Benz,"GLE 63 AMG Coupe",2020,477650,250
"United States",BMW,X5,2006,28700,210
Canada,Chrysler,300C,2005,17300,250
China,Chery,E8,2014,16800,180
"United States",Dodge,Durango,2007,19350,180
China,MG,RX5,2022,60898,170
"United States",Mazda,"6 Ultra",2009,21350,219
Sweden,Volvo,V40,2015,34200,240
France,Peugeot,Partner,2014,9400,149
Indonesia,Suzuki,APV,2017,24800,140
Japan,Nissan,"370Z Roadster",2013,51050,250
Japan,Subaru,Forester,2003,13100,185
"United States",Toyota,Avalon,2013,45550,207
Germany,BMW,"6-Series Cabriolet",2008,48500,250
Taiwan,Luxgen,U6,2016,29350,210
Japan,Toyota,Zelas,2016,31100,210
Japan,Mitsubishi,"Outlander PHEV",2022,140500,170
Germany,Bugatti,Chiron,2020,10000000,420
Japan,Lexus,LX,2007,70600,195
Indonesia,Toyota,Hilux,2014,31700,170
Germany,Porsche,Boxster,2015,113100,263
Germany,Mercedes-Benz,"CLS 63 AMG",2013,189700,250
Japan,Toyota,"Land Cruiser Prado",2005,27250,170
China,Geely,GC6,2015,8550,165
China,MG,RX5,2018,32950,170
Germany,BMW,"M6 Coupe",2008,121150,250
"United States",Jeep,"Grand Cherokee",2021,129950,181
Canada,Lincoln,"Town Car",2010,30350,208
Germany,BMW,"6-Series Cabriolet",2013,98600,250
Spain,Seat,Ibiza,2003,62250,169
Thailand,Nissan,Pickup,2009,17550,170
"South Korea",Hyundai,"Veloster Turbo",2019,71750,210
Canada,Lincoln,MKT,2011,27900,197
Sweden,Volvo,XC70,2008,19900,215
India,Suzuki,Ciaz,2016,20750,165
Germany,Porsche,"911 Turbo",2014,269850,320
China,MG,360,2018,19200,170
Sweden,Volvo,"S60 Polestar",2018,84350,250
Japan,Mazda,CX-5,2016,35850,195
Germany,Mercedes-Benz,C-Class,2009,33600,222
Japan,Toyota,RAV-4,2019,70650,180
"United Kingdom",Jaguar,XK,2007,43800,250
France,Peugeot,5008,2013,20050,195
Sweden,Volvo,S60,2001,7450,201
"United States",Nissan,Xterra,2022,99950,190
"South Korea",Hyundai,H1,2006,6950,142
Italy,Fiat,Punto,2003,2450,155
Spain,Volkswagen,Polo,2006,5450,170
Romania,Renault,Sandero,2011,5200,185
Portugal,Volkswagen,Eos,2012,38050,237
Mexico,Cadillac,SRX,2013,40400,211
China,Chery,"T11 Tiggo",2013,13650,173
Indonesia,Toyota,Innova,2014,12200,170
France,Citroen,C8,2006,7350,182
"South Korea",Chevrolet,Aveo,2010,8300,173
Germany,Porsche,"911 Turbo",2009,153000,310
Italy,Ferrari,GTC4Lusso,2019,937900,335
"United States",Cadillac,XT4,2019,75550,200
Germany,Mercedes-Benz,"E 55 AMG",2006,415000,250
Hungary,Audi,TT,2009,38850,238
Japan,Nissan,370Z,2019,92800,250
India,Nissan,Sunny,2014,10050,178
Germany,BMW,"6-Series Gran Turismo",2020,268400,250
Germany,BMW,"M3 Convertible",2010,96600,250
China,BAIC,"A5 Sedan",2015,22450,220
Germany,Mercedes-Benz,"SLS AMG Roadster",2013,243250,320
"United Kingdom",Jaguar,"F-Type SVR Coupe",2018,439300,312
Germany,Audi,"RS Q3",2016,129500,250
Germany,Audi,"RS 4",2016,160700,250
India,Mahindra,Scorpio,2008,7900,147
Italy,Ferrari,"488 GTB",2016,634300,330
Austria,Mercedes-Benz,"G 63 AMG",2021,820000,220
"Czech Republic",Skoda,Roomster,2009,11600,183
"South Korea",Hyundai,"Santa Fe",2020,77350,190
"United States",Mercedes-Benz,M-Class,2013,75950,235
Canada,Lincoln,MKX,2012,33350,200
Romania,Renault,Sandero,2012,6200,185
France,Peugeot,308,2010,9400,192
Japan,Infiniti,G35,2006,11850,227
"United Kingdom",Jaguar,XF,2016,79600,248
"United Kingdom",Jaguar,XK,2013,75950,250
Japan,Toyota,"Land Cruiser Prado",2017,77600,170
China,Changan,Eado,2019,27900,180
Japan,Toyota,Hiace,2012,32450,160
"United States",Ford,Explorer,2011,27700,173
Spain,Seat,Cordoba,2004,50000,172
France,Citroen,Saxo,2001,2650,170
Turkey,Renault,Megane,2019,33150,175
Italy,Ferrari,GTC4Lusso,2017,768150,335
"South Korea",GMC,Terrain,2010,26300,175
Sweden,Volvo,V70,2006,10600,201
"South Korea",Kia,Sorento,2008,17200,167
"United States",Ford,Expedition,2012,15600,160
Austria,KTM,X-Bow,2017,219900,220
Indonesia,Peugeot,Expert,2020,68000,170
"United States",Chevrolet,Traverse,2021,126700,208
"United States",Nissan,Armada,2007,24000,192
China,Chery,"V5 Crossover",2013,14700,175
Indonesia,Toyota,Fortuner,2011,33600,175
Germany,BMW,"2-Series Gran Coupe",2021,187500,213
Germany,Porsche,Panamera,2014,184600,258
"South Korea",Kia,Picanto,2017,17650,167
China,ZNA,Rich,2015,12850,160
Germany,Volkswagen,"Golf R",2019,114050,250
"United States",Cadillac,XLR,2006,36500,248
"United States",Ford,Mustang,2020,175950,240
"United Kingdom",Bentley,Arnage,2009,323050,270
"United States",Ford,"Mustang Convertible",2009,27600,229
Germany,BMW,M5,2022,607000,250
France,Peugeot,508,2019,53200,220
Japan,Mazda,CX-9,2016,62850,225
"United States",Mercedes-Benz,GL-Class,2015,143650,250
"South Korea",Kia,Optima,2012,17200,202
"United States",Hummer,H2,2005,38450,158
Germany,BMW,"6-Series Coupe",2009,50350,250
China,MG,5,2021,43998,180
India,Suzuki,Swift,2014,17650,165
Argentina,Volkswagen,Amarok,2017,36450,179
Canada,Chevrolet,"Camaro Convertible",2013,51050,250
"United States",BMW,X3,2020,216000,240
Mexico,Mercury,Milan,2010,85000,200
Germany,Volkswagen,"Golf R",2015,63250,250
Japan,Subaru,Forester,2009,21900,182
"United Kingdom",Bentley,Continental,1999,163850,245
Germany,BMW,1-Series,2016,48600,195
Spain,Opel,Meriva,2016,22050,188
"United States",GMC,Yukon,2010,54650,172
Spain,Seat,Ibiza,2013,74500,177
Austria,Mercedes-Benz,G-Class,2005,350000,177
Germany,Audi,"RS Q8",2022,679875,250
"South Korea",Ssangyong,Rodius,2008,12650,191
"South Korea",Chevrolet,Spark,2014,8600,140
Japan,Infiniti,FX,2010,31150,227
India,Suzuki,Ciaz,2019,30150,165
Japan,Lexus,ES,2008,25000,219
Japan,Mitsubishi,"Pajero Sport",2014,16200,175
Sweden,Saab,3-Sep,2008,149500,205
Turkey,Fiat,Fiorino,2015,15000,165
India,Mahindra,"Scorpio Pikup",2018,31200,170
France,Renault,Trafic,2006,5550,163
China,GAC,GA5,2016,21900,190
Austria,Mercedes-Benz,"G 65 AMG",2015,507450,230
Japan,Nissan,Urvan,2019,53350,170
China,MG,350,2013,14050,170
"South Korea",Hyundai,Sonata,2020,75950,202
Spain,Citroen,C-Elysee,2014,11650,188
Germany,Audi,"A5 Sportback",2010,37950,241
China,Brilliance,V5,2017,25150,180
Germany,BMW,3-Series,2019,138900,250
"South Korea",Chevrolet,Malibu,2013,19000,200
Germany,Mercedes-Benz,"C-Class Coupe",2017,86950,223
Germany,Mercedes-Benz,S-Class,2008,65550,250
"South Korea",Hyundai,"Santa Fe",2011,19300,187
China,Brilliance,"FRV Cross",2017,21300,160
Japan,Toyota,"Land Cruiser Pickup",2008,28650,180
India,Mahindra,"Scorpio Pikup",2022,64950,170
Germany,Audi,S6,2021,357500,250
France,Renault,Trafic,2008,6800,163
India,Ford,Ecosport,2022,59000,173
Germany,Porsche,Cayenne,2011,60100,230
"United States",Nissan,"Altima Coupe",2009,16500,238
Germany,Mercedes-Benz,CLS-Class,2014,110050,250
Japan,Nissan,350Z,2004,147500,250
"United States",Dodge,Avenger,2008,9650,200
China,Borgward,BX7,2020,67900,206
Japan,Toyota,"Land Cruiser Prado SWB",2015,58350,170
China,GAC,GS4,2021,69950,180
"South Korea",Opel,Mokka,2017,35400,180
Japan,Subaru,Outback,2008,22950,199
"South Korea",GMC,Terrain,2008,23700,175
Slovakia,Volkswagen,Touareg,2004,28700,202
Indonesia,Toyota,Hilux,2008,19650,170
Germany,Audi,"A5 Sportback",2016,61550,220
Hungary,Audi,TT,2005,13050,225
Japan,Nissan,Sunny,2002,2300,163
Japan,Lexus,"IS C",2012,47500,215
"South Korea",Hyundai,Azera,2011,16250,210
Japan,Nissan,X-Trail,2005,11850,181
Germany,Mercedes-Benz,"E 63 AMG",2014,207900,250
Serbia,Fiat,500X,2017,33900,190
Thailand,Chevrolet,T-Series,2003,5250,155
Japan,Mitsubishi,"Outlander PHEV",2020,119450,170
Germany,Mercedes-Benz,"C 63 AMG",2009,53550,250
"United States",Ford,Explorer,2012,31800,173
"South Korea",Hyundai,"Atos Prime",2009,10400,141
"United States",Honda,Odyssey,2016,53400,192
"United States",Chevrolet,Tahoe,2012,44100,172
"United States",Jeep,Patriot,2012,23700,180
Germany,Audi,S5,2019,208300,250
Japan,Infiniti,QX50,2018,69850,232
Thailand,Toyota,Yaris,2017,24800,165
Japan,Lexus,GX,2012,76900,200
"United States",Jeep,"Wrangler Unlimited",2021,159950,157
Mexico,Nissan,Sunny,2020,46400,180
Italy,Jeep,Renegade,2015,30150,174
"United States",Honda,Pilot,2014,59300,175
Canada,Dodge,"Charger SRT",2018,108600,280
Japan,Toyota,"Yaris Sedan",2011,13350,170
Germany,Volkswagen,"Passat CC",2015,47450,223
France,Renault,Clio,2005,3800,186
Germany,BMW,"6-Series Coupe",2017,174000,250
Canada,GMC,Terrain,2015,45850,192
Germany,Volkswagen,Touran,2009,10450,179
"United Kingdom",Lotus,Exige,2020,259300,233
Germany,Mercedes-Benz,"SL 63 AMG",2016,325500,250
"South Korea",Chevrolet,Aveo5,2009,7650,172
Germany,Porsche,Taycan,2021,381000,230
Germany,Audi,A6,2021,190500,240
Thailand,Isuzu,D-Max,2007,8350,155
Japan,Nissan,Patrol,1999,16350,170
"South Korea",Chevrolet,Optra,2009,10250,175
Austria,Mercedes-Benz,G-Class,1997,38650,177
"United States",BMW,X3,2015,89250,230
Germany,Mercedes-Benz,A-Class,2020,112650,225
Japan,Mazda,"6 Wagon",2015,31700,210
Japan,Mitsubishi,Nativa,2007,3850,175
Spain,Audi,Q3,2022,152000,200
"United States",Nissan,Pathfinder,2016,45600,192
"South Korea",Hyundai,Matrix,2010,10300,171
"Czech Republic",Skoda,Fabia,2014,20100,188
Thailand,Mitsubishi,Mirage,2019,23750,170
Italy,Lamborghini,Gallardo,2011,278750,323
"United States",Honda,"Accord Coupe",2013,40200,208
Hungary,Audi,TT,2013,59100,238
Canada,Chrysler,"300 SRT",2013,53050,280
India,Hyundai,Accent,2019,34150,180
Japan,Lexus,GX,2014,78550,200
"South Korea",Hyundai,Coupe,2010,24600,208
Canada,GMC,Terrain,2014,41250,192
"United Kingdom",McLaren,"570S Spider",2021,830000,328
Germany,BMW,"6-Series Gran Coupe",2016,147000,250
India,Hyundai,i10,2016,14850,150
"United States",GMC,Acadia,2022,124500,210
France,Peugeot,307,2002,73450,186
Thailand,Ram,1200,2018,30700,180
Malaysia,Proton,Waja,2006,5500,194
Japan,Toyota,"Land Cruiser Pickup",2011,42300,180
Italy,Pagani,Huayra,2012,4750000,370
"United States",Chrysler,"Grand Voyager",2009,17350,180
"South Korea",Chevrolet,"Cruze Hatchback",2014,17550,190
Japan,Daihatsu,Materia,2009,8450,170
France,Citroen,"C4 Picasso",2012,13500,185
"Germany, Finland",Mercedes-Benz,"GLC 43 AMG",2021,330000,250
"United Kingdom",Jaguar,XJ,2005,41750,233
Sweden,Volvo,XC90,2018,95750,230
Turkey,Fiat,Fiorino,2019,27000,165
"United States",Chevrolet,Traverse,2018,68950,208
"United States",Lincoln,Navigator,2005,11650,160
Germany,Volkswagen,Passat,2010,30900,216
China,Hongqi,HS5,2021,129950,210
Germany,Audi,A8,2010,62700,238
Thailand,Nissan,Sentra,2017,20700,180
Germany,Ford,Focus,2010,10200,176
France,Peugeot,308,2013,11200,188
Germany,Audi,S3,2021,187500,250
Japan,Toyota,Prius,2016,44100,180
India,Ford,Figo,2013,8650,169
"United States",Chevrolet,Silverado,2018,65100,180
Japan,Toyota,"Land Cruiser Prado",2022,129950,170
"United States",Honda,Odyssey,2006,15450,187
Sweden,Saab,5-Sep,2009,152500,225
Portugal,Volkswagen,Eos,2013,42250,237
"South Korea",Hyundai,Azera,2015,36300,210
"United Kingdom",Jaguar,"XK Convertible",2007,40100,250
"South Korea",Kia,"Rio Hatchback",2013,12950,183
Germany,BMW,"M3 Convertible",2011,107350,250
Sweden,Volvo,XC70,2004,12850,210
"United Kingdom",McLaren,GT,2021,887500,326
Germany,Opel,"Astra OPC",2015,38100,250
Germany,Porsche,Cayman,2020,217500,275
Japan,Toyota,"Land Cruiser Prado",2016,70000,170
Japan,Subaru,BRZ,2017,44150,210
"United States",Subaru,Tribeca,2012,39200,207
Germany,Audi,"S Q5",2019,184400,250
Canada,Dodge,"Challenger SRT",2016,96200,272
"South Korea",Chevrolet,Aveo,2020,35900,187
Japan,Mitsubishi,Lancer,2009,5200,165
"South Korea",Kia,"Cerato Hatchback",2017,30000,190
Italy,Ferrari,"599 GTB Fiorano",2007,559350,330
Slovakia,Kia,Sportage,2018,44000,170
Mexico,Volkswagen,Jetta,2016,32550,193
Sweden,Volvo,S40,2006,10600,185
"United States",Nissan,Altima,2011,12450,200
"United Kingdom",Mini,Cooper,2014,50400,197
"United States",Mercedes-Benz,"GLE 63 AMG",2019,287550,250
Belgium,Volvo,XC60,2014,35800,205
China,BYD,F3,2013,9350,185
"South Korea",Hyundai,Trajet,2004,7750,177
Spain,Seat,Ibiza,2007,62250,169
Thailand,Honda,HR-V,2021,69950,190
France,Peugeot,407,2010,88500,208
"United States",Nissan,Pathfinder,2006,12750,190
Japan,Nissan,Patrol,2013,90250,200
"South Korea",Kia,Cerato,2019,39950,190
China,Changan,CS75,2021,70500,185
"United States",Lincoln,MKC,2016,66100,190
"South Korea",Kia,Carens,2017,28200,185
Germany,BMW,M4,2019,299750,250
Belgium,Ford,Mondeo,2012,16700,208
Germany,Opel,Astra,2013,16100,193
Germany,Porsche,Boxster,2007,40050,255
"South Korea",Genesis,GV80,2021,324500,220
Germany,Volkswagen,Multivan,2010,14850,205
Sweden,Volvo,XC70,2012,33750,210
Japan,Honda,Legend,2008,42600,250
Japan,Mazda,CX-7,2012,31900,200
"South Korea",Chevrolet,Malibu,2019,46550,220
Germany,Volkswagen,Multivan,2015,46900,205
Slovakia,Audi,Q8,2022,347500,250
"South Korea",Hyundai,Accent,2009,7750,177
Japan,Nissan,350Z,2008,145000,250
"United States",Dodge,Caliber,2009,13100,186
Turkey,Fiat,Ducato,2018,44950,150
"United Kingdom",Bentley,"Continental GTC",2012,239750,301
Germany,Porsche,Boxster,2012,82450,263
France,Peugeot,307,2006,73450,186
"United States",Nissan,Altima,2006,88000,200
Sweden,Volvo,XC90,2019,116750,230
"United States",BMW,X5,2012,74100,240
China,BYD,F3,2010,6650,185
Sweden,Saab,3-Sep,2005,139500,205
Australia,Toyota,Camry,2004,10650,210
France,Peugeot,Partner,2010,44900,149
Sweden,Volvo,V40,2016,39300,240
Germany,Porsche,"911 GT3",2013,183650,312
Germany,Audi,S5,2017,168700,250
Italy,Maserati,GranTurismo,2009,103150,285
"United Kingdom",Nissan,Qashqai,2008,9150,179
France,Citroen,C3,2008,4950,169
"United Kingdom",Bentley,"Continental Flying Spur",2013,289250,312
"South Africa",Ford,Ranger,2021,82500,175
China,MG,ZS,2018,20650,170
"South Korea",Hyundai,Terracan,2004,9050,180
"United States",Ford,Escape,2010,13650,170
India,Hyundai,Accent,2021,50900,180
Japan,Abarth,"124 Spider",2019,92800,229
Canada,Mercury,"Grand Marquis",2009,100000,200
Mexico,Nissan,Sunny,2021,57950,180
Germany,Porsche,Cayman,2012,80950,264
Spain,Audi,Q3,2017,62250,200
"United States",GMC,Acadia,2011,23000,172
"South Korea",Chevrolet,Trax,2015,14450,180
Sweden,Saab,3-Sep,2006,139500,205
Thailand,Toyota,Yaris,2015,19500,165
China,Brilliance,FSV,2016,15800,160
"United States",Cadillac,Escalade,2012,38500,170
France,Citroen,"C4 Picasso",2009,9100,185
Germany,Mercedes-Benz,SL-Class,2015,175650,250
China,JAC,S7,2020,61550,170
Germany,Volkswagen,Passat,2009,27800,216
India,Hyundai,i20,2013,6950,168
Thailand,Isuzu,D-Max,2004,5900,155
Spain,Renault,"Megane CC",2014,24650,195
Germany,Porsche,Cayenne,2015,115750,230
"United States",Jeep,"Grand Cherokee SRT",2017,137700,256
Hungary,Mercedes-Benz,CLA-Class,2020,155800,229
"United States",Dodge,Caliber,2010,14900,186
Japan,Lexus,"IS F",2014,85050,270
Thailand,Toyota,Hilux,2017,40350,170
Germany,Mercedes-Benz,"C-Class Coupe",2019,139400,240
France,Peugeot,3008,2014,22150,205
Germany,Opel,Adam,2014,21150,177
Austria,Mercedes-Benz,G-Class,2018,348750,210
Thailand,Chevrolet,Colorado,2013,29400,155
Japan,Nissan,Maxima,2001,5000,240
Japan,Infiniti,Q70,2018,82150,225
Germany,Audi,"S Q5",2018,165950,250
Italy,Ferrari,California,2010,292150,310
"United States",Dodge,Dart,2016,22750,192
Germany,Audi,"RS 4",2013,117150,250
Germany,Mercedes-Benz,E-Class,2017,95150,240
Austria,Mini,Countryman,2015,71550,186
China,Soueast,DX3,2022,72688,180
"United States",Toyota,Sequoia,2010,40550,180
"South Korea",Chevrolet,Cruze,2010,8350,194
Portugal,Volkswagen,"Scirocco R",2016,73750,250
Mexico,Chevrolet,Blazer,2019,73650,220
China,Foton,Tunland,2017,25150,170
Portugal,Volkswagen,"Scirocco R",2012,48450,250
Thailand,Chevrolet,Colorado,2009,13550,155
"United States",Ford,"Five Hundred",2009,17100,200
Germany,Volkswagen,Golf,2014,29650,192
Japan,Toyota,"Land Cruiser 70",2015,63000,180
Turkey,Fiat,Fiorino,2014,12950,165
Germany,BMW,M3,2022,462500,250
Germany,BMW,5-Series,2010,42800,224
Japan,Subaru,Legacy,2006,18600,197
Japan,Mitsubishi,"Pajero Sport",2012,13150,175
Germany,Volkswagen,Golf,2005,11000,188
Portugal,Volkswagen,Sharan,2008,11800,197
Japan,Nissan,370Z,2016,52600,250
"South Korea",Kia,Picanto,2019,27650,161
"United States",Jeep,Patriot,2007,15350,180
"United States",Chevrolet,Tahoe,2020,153300,180
France,PGO,Cevennes,2014,59100,215
Canada,Cadillac,XTS,2018,114450,210
Germany,Mercedes-Benz,C-Class,2007,26050,205
"South Korea",Renault,Safrane,2009,7450,210
Turkey,Peugeot,Boxer,2015,29650,150
Germany,BMW,X6,2020,364000,250
"South Korea",Hyundai,Coupe,2003,10350,208
Italy,Maserati,Levante,2019,255050,251
China,MG,6,2017,30100,205
Germany,BMW,"5-Series GT",2013,74600,250
"United States",Tesla,"Model Y",2021,190000,217
Germany,BMW,"6-Series Coupe",2007,40850,250
Sweden,Cadillac,BLS,2007,12800,219
Italy,Lamborghini,"Huracan Spyder",2019,784800,324
"South Korea",Chevrolet,Trax,2019,29500,180
"United Kingdom",Lotus,Exige,2018,200800,233
Italy,Ferrari,"612 Scaglietti",2008,599700,315
"United States",Jeep,Cherokee,2008,21950,180
"United States",Chevrolet,Silverado,2006,25400,172
France,Renault,Trafic,2009,7600,163
Romania,Renault,Symbol,2022,43250,183
Germany,Volkswagen,"Golf GTI",2009,24750,240
"United States",Honda,CR-V,2016,48100,199
Malaysia,Proton,Waja,2012,10350,194
Thailand,Nissan,Sentra,2022,59950,180
China,ZNA,Yumsun,2013,17350,180
Canada,Lincoln,MKX,2016,63900,200
"United States",Cadillac,"ATS-V Coupe",2019,159700,250
Slovakia,Audi,Q7,2012,56000,222
Italy,Lamborghini,Gallardo,2008,269450,310
Germany,BMW,X1,2013,41300,200
Spain,Seat,Ibiza,2004,62250,169
Germany,BMW,2-Series,2021,207500,230
"United States",Ford,Explorer,2009,16700,160
Italy,Lamborghini,Huracan,2016,583250,320
"United States",Mercedes-Benz,M-Class,2012,66100,235
"United States",Jeep,Compass,2011,16450,183
Germany,Porsche,"911 Turbo",2011,188900,312
Japan,Honda,S2000,2008,37950,241
Japan,Toyota,Zelas,2015,27950,210
Belgium,Ford,Mondeo,2008,12450,208
France,Peugeot,"407 Coupe",2008,133500,233
"United States",Chevrolet,Silverado,2007,26200,172
France,Bugatti,Veyron,2014,4704000,407
"South Korea",Kia,Rio,2011,8800,177
"South Korea",Hyundai,Matrix,2009,9300,171
China,Changan,Eado,2020,34900,180
Germany,Mercedes-Benz,"AMG GT Roadster",2019,535050,304
"South Korea",Renault,Fluence,2016,20200,178
Hungary,Mercedes-Benz,"CLA 45 AMG",2019,269000,250
Germany,Audi,S6,2020,293200,250
Germany,Audi,A4,2018,68450,210
India,Volkswagen,"Polo Sedan",2017,22250,187
Belgium,Volvo,XC60,2010,22200,205
"United Kingdom",Jaguar,X-Type,2005,12650,205
Germany,BMW,"6-Series Cabriolet",2004,31850,250
"United States",Ford,"F-150 Raptor",2021,393000,160
France,Renault,Trafic,2016,23650,163
Italy,Fiat,500,2019,39650,182
"South Korea",Hyundai,Veloster,2019,46050,180
Germany,BMW,"M3 Coupe",2013,129650,250
Spain,Seat,Cordoba,2005,50000,172
Japan,Lexus,CT,2014,43850,180
"South Korea",Kia,Cadenza,2019,74100,230
Germany,Opel,"Corsa OPC",2016,28400,225
Japan,Daihatsu,Sirion,2014,14350,170
Japan,Infiniti,"G35 Coupe",2005,11700,227
Thailand,Nissan,Navara,2020,66400,150
Germany,BMW,"6-Series Cabriolet",2016,149700,250
Japan,Mitsubishi,Outlander,2004,9450,192
Romania,Renault,Symbol,2021,43250,183
China,JAC,J5,2014,13100,175
Portugal,Volkswagen,Scirocco,2012,29800,218
Germany,Mercedes-Benz,EQC,2022,285000,180
China,Chery,"Arrizo 5",2019,24300,180
"United States",Ford,F-150,2010,28300,160
"United Kingdom",Bentley,"Continental GT",2019,680000,333
"United States",GMC,Acadia,2020,105850,210
"South Korea",Hyundai,Veloster,2014,24450,195
Spain,Opel,Meriva,2015,18350,188
China,Citroen,"C5 Aircross",2022,115000,215
Japan,Suzuki,Ignis,2003,7700,160
Spain,Seat,Altea,2005,67000,181
Germany,BMW,M4,2021,462500,250
Germany,BMW,"M3 Coupe",2011,105100,250
"South Africa",Ford,Ranger,2014,26600,175
Canada,Chrysler,"300 SRT",2010,33450,274
"South Korea",Kia,Sorento,2010,19300,189
Germany,Volkswagen,Passat,2006,17500,196
Japan,Lexus,GS,2012,46050,227
Japan,Mazda,CX-9,2022,138500,225
"United States",Chevrolet,Malibu,2012,16700,200
Spain,Seat,Ibiza,2006,62250,169
China,JAC,"M5 MPV",2020,54400,160
Canada,Chevrolet,Equinox,2019,50900,200
"South Korea",Renault,Safrane,2010,8300,210
"South Korea",Hyundai,Tucson,2007,17600,180
Spain,Peugeot,301,2018,26700,188
"United States",Jeep,Cherokee,2013,37150,180
China,Changan,CS95,2021,89750,185
Germany,BMW,X1,2017,78200,225
France,Peugeot,208,2022,66950,208
Japan,Toyota,Prius,2017,48450,180
Slovakia,Audi,Q7,2007,32000,225
Japan,Toyota,Corolla,2007,9600,180
"United States",Mercedes-Benz,"ML 63 AMG",2014,153500,250
Sweden,Volvo,V70,2015,33000,210
Japan,Isuzu,Trooper,1998,6750,180
Japan,Lexus,LX,1999,46850,195
"South Korea",Kia,Rio,2013,12700,183
Turkey,Fiat,Fiorino,2020,38700,165
Thailand,Isuzu,D-Max,2013,22600,150
Japan,Mazda,CX-9,2012,40200,194
China,Chery,"Arrizo 5",2017,17350,180
"United States",Honda,Odyssey,2015,46950,192
"United States",Chevrolet,Camaro,2022,147500,250
"United Kingdom",Bentley,Continental,1998,155650,245
"South Korea",Kia,Sportage,2015,39550,170
Germany,Mercedes-Benz,"E-Class Cabriolet",2010,35750,230
Italy,Ferrari,LaFerrari,2016,5500000,351
"South Korea",Hyundai,H1,2003,11350,142
"South Korea",Hyundai,Kona,2021,62250,194
"South Korea",Hyundai,Kona,2019,46500,194
"United States",Subaru,Tribeca,2014,48450,207
Canada,Dodge,Challenger,2016,54000,200
"South Korea",Hyundai,Tucson,2013,22700,170
"United States",Honda,Accord,2021,94950,195
Taiwan,Mitsubishi,"Lancer Fortis",2013,10500,186
"United Kingdom",Caterham,Seven,2018,99300,199
Japan,Mitsubishi,Outlander,2007,12800,192
Thailand,Nissan,Navara,2008,17000,150
Japan,Toyota,"Land Cruiser Prado",2009,35600,170
"South Korea",Chevrolet,Spark,2011,6300,140
Germany,Audi,S7,2015,103250,250
"United States",Hummer,H2,2010,74200,158
Thailand,Toyota,Yaris,2016,21400,165
Canada,Chevrolet,Equinox,2022,81850,200
"Czech Republic",Skoda,Yeti,2015,32800,200
Japan,Mitsubishi,Pajero,2001,9650,175
Germany,Porsche,Cayman,2015,116100,265
Germany,Maybach,57,2008,200450,250
Japan,Infiniti,QX56,2013,74900,200
"South Korea",Renault,Safrane,2015,18850,186
"United States",Nissan,Altima,2012,14650,200
"South Korea",Hyundai,Genesis,2011,53100,209
"United States",Jeep,Gladiator,2022,182000,160
Germany,BMW,"6-Series Gran Coupe",2018,178900,250
Germany,Mercedes-Benz,"S 65 AMG",2014,524800,250
"United States",Chevrolet,Tahoe,2019,106050,180
Australia,Toyota,Camry,2010,23100,194
"United States",Ford,Escape,2013,24800,180
China,BAIC,"BJ40 Plus",2022,97000,180
"United Kingdom",Jaguar,"XK Convertible",2012,69050,250
Canada,Chevrolet,"Camaro Convertible",2014,52400,250
"South Korea",Kia,Sportage,2016,42550,170
Japan,Subaru,Outback,2006,20700,199
"United States",Ford,Expedition,2015,46750,185
Slovakia,Volkswagen,Touareg,2017,88800,228
"United States",Jeep,"Grand Cherokee L",2022,148500,181
"South Korea",Kia,Picanto,2006,4400,152
Mexico,Nissan,Tiida,2011,13750,193
France,Bugatti,"Veyron Grand Sport",2010,4789000,407
China,Maxus,G10,2017,23700,160
"South Korea",Kia,Picanto,2005,4200,152
"United States",Dodge,Durango,2015,56550,197
Japan,Mitsubishi,ASX,2016,34000,180
India,Mahindra,Scorpio,2007,7150,147
"South Korea",Ssangyong,Kyron,2007,10200,160
Austria,Jeep,Commander,2009,24800,180
Italy,Ferrari,Roma,2022,1050000,320
Australia,Chevrolet,Lumina,2009,13300,250
"United States",Chevrolet,Tahoe,2016,69300,180
Germany,Audi,"RS 5 Sportback",2021,398500,250
Germany,Mercedes-Benz,B-Class,2007,15300,174
France,Peugeot,308,2020,74850,212
Japan,Subaru,Impreza,2009,16050,172
Italy,Abarth,"595 Competizione",2020,95650,225
"South Korea",Kia,Sorento,2005,11350,167
Japan,Toyota,Zelas,2013,26200,210
France,Peugeot,206,2005,52000,171
"United States",Ford,F-150,2007,20650,160
Japan,Mazda,6,2003,8000,209
"South Korea",Hyundai,Azera,2013,29400,210
"United Kingdom",Jaguar,"XK Convertible",2010,53450,250
Belgium,Volvo,XC60,2017,71700,210
Turkey,Ford,"Tourneo Custom",2021,127000,150
Canada,Ford,Freestar,2007,11200,178
"South Korea",Genesis,G90,2017,170950,240
Germany,BMW,X4,2021,262500,220
Canada,Dodge,Challenger,2018,71450,200
"South Korea",Kia,Stinger,2018,102300,240
Germany,Audi,"A5 Cabriolet",2015,70400,213
France,Renault,Scenic,2009,7650,190
Germany,BMW,"8-Series Convertible",2022,590000,250
Malaysia,Proton,GEN-2,2009,6700,187
"United States",Ford,F-150,2011,31950,160
Germany,Audi,Q5,2010,32600,222
Germany,Audi,"R8 Spyder",2014,223350,300
Germany,Mercedes-Benz,"SLS AMG",2010,464700,317
Japan,Nissan,Maxima,2003,6100,240
Belgium,Ford,Mondeo,2003,8650,201
Germany,BMW,"5-Series GT",2014,88800,250
Germany,Mercedes-Benz,"GLC-Class Coupe",2019,127950,222
Turkey,Ford,"Tourneo Custom",2020,95250,150
France,Peugeot,3008,2015,24600,205
Canada,Dodge,Charger,2008,19700,208
"United States",Cadillac,XT5,2018,69900,220
Canada,Dodge,Challenger,2011,29550,200
"United Kingdom",Jaguar,XJ,2020,257700,241
"South Korea",Hyundai,Centennial,2014,46850,240
China,MG,6,2019,35700,200
Canada,Mercury,"Grand Marquis",2005,100000,200
China,Changan,CS75,2016,26250,185
Japan,Daihatsu,Terios,2014,19350,155
"South Korea",Chevrolet,Optra,2007,4100,175
"United States",Chevrolet,"Camaro ZL1",2021,291950,250
China,JAC,"M5 MPV",2021,72500,160
"United States",Ford,Escape,2005,8050,180
"United Kingdom",Jaguar,XFR-S,2016,161200,300
Germany,Volkswagen,Tiguan,2015,37050,201
Germany,BMW,M8,2022,675000,250
Germany,Audi,A8,2021,366250,250
Mexico,Ford,Fusion,2016,27550,200
Japan,Mazda,"MX-5 RF",2021,142500,200
Japan,Toyota,C-HR,2022,86950,170
Germany,BMW,"4-Series Gran Coupe",2020,168000,236
"South Korea",Kia,Carnival,2016,47600,190
Australia,Chevrolet,Caprice,2012,30250,250
"United States",Dodge,Ram,2006,19750,180
Spain,Seat,Ibiza,2011,74500,177
"Germany, Finland",Mercedes-Benz,"GLC 43 AMG",2020,270600,250
"South Korea",Kia,Rio,2014,14750,183
Japan,Mazda,3,2015,27450,180
Germany,Volkswagen,Tiguan,2012,26150,201
China,Maxus,G10,2016,20200,160
Germany,Porsche,Taycan,2022,381000,230
"South Korea",Hyundai,Trajet,2006,9200,177
"United States",Infiniti,QX60,2015,50500,200
Sweden,Volvo,S80,2015,48300,230
France,Citroen,C4,2008,5550,191
Turkey,Dodge,Neon,2017,21400,192
France,Citroen,C2,2004,3600,195
Italy,Lamborghini,"Aventador Roadster",2021,1675000,354
"United States",Mercedes-Benz,GL-Class,2010,54600,235
France,Renault,"Clio RS",2013,16150,225
"United Kingdom",McLaren,"540C Coupe",2020,608200,320
Malaysia,Proton,Waja,2010,8350,194
Thailand,Isuzu,D-Max,2019,43450,150
Germany,BMW,"M6 Cabriolet",2013,248750,250
Germany,Mercedes-Benz,"SLS AMG Roadster",2011,548000,317
"United States",Cadillac,"CTS-V Coupe",2011,54850,295
"United States",Ford,Mustang,2007,21550,229
Finland,Fisker,Karma,2014,178000,201
Japan,Subaru,XV,2014,29950,187
"United States",Chevrolet,Camaro,2018,71450,250
Japan,Mazda,3,2013,21200,175
"South Korea",Hyundai,Palisade,2020,128250,210
Italy,Abarth,"595 Competizione",2021,112500,225
"South Korea",Hyundai,H1,2019,45500,142
Japan,Infiniti,Q50,2021,156250,240
"South Korea",Hyundai,Sonata,2021,87250,202
Malaysia,Proton,Savvy,2009,3850,158
"United States",Chevrolet,Suburban,2014,56850,172
China,Brilliance,FSV,2013,11200,160
Sweden,Volvo,V40,2021,92450,210
Japan,Mazda,"6 Wagon",2014,28500,210
"United Kingdom",Infiniti,Q30,2017,49150,215
"United States",Nissan,Armada,2008,39000,192
Thailand,Isuzu,D-Max,2003,5250,155
"United States",Nissan,Xterra,2009,33400,190
Italy,Lamborghini,Aventador,2014,724300,354
"United States",Chevrolet,Silverado,2003,21800,172
Germany,BMW,5-Series,2019,176000,250
"United States",Honda,Odyssey,2008,19100,187
Germany,Porsche,Boxster,2020,222200,263
France,Peugeot,2008,2022,69950,185
"South Korea",Chevrolet,Spark,2022,43350,186
Japan,Lexus,LFA,2012,3736950,325
France,Peugeot,3008,2016,27350,205
"United States",Toyota,Avalon,2010,31150,208
Germany,Opel,Vectra,2008,85000,210
France,PGO,Cevennes,2012,46850,215
Sweden,Volvo,XC70,2001,8800,210
Germany,Mercedes-Benz,E-Class,2016,83400,233
"South Korea",Genesis,G80,2017,97500,240
"South Korea",Renault,Koleos,2009,8350,189
"South Africa",Hummer,H3,2008,34500,156
"United States",Nissan,Altima,2016,26300,223
Italy,Lamborghini,"Aventador Roadster",2019,1282400,354
"United Kingdom",Jaguar,"XK Convertible",2011,59400,250
Japan,Subaru,Impreza,2021,73500,185
"United Kingdom",Bentley,Bentayga,2022,1325000,290
"United States",Mercedes-Benz,"GLS 63 AMG",2022,625000,250
"United States",Chevrolet,Trailblazer,2004,11550,172
Taiwan,CMC,Z7,2012,15850,170
Germany,Audi,"RS Q3",2018,159850,250
Thailand,Chevrolet,Trailblazer,2017,55750,200
Sweden,Volvo,S80,2013,36550,230
"South Korea",Ssangyong,Rexton,2015,27900,190
Germany,BMW,"M4 Convertible",2015,208100,250
France,Bugatti,"Veyron Grand Sport",2012,4200800,407
France,Citroen,C8,2010,11200,182
France,Peugeot,"407 Coupe",2006,133500,233
Japan,Suzuki,Jimny,2018,34450,138
Germany,Porsche,Cayenne,2014,94800,230
Austria,KTM,X-Bow,2014,160700,220
Japan,Mitsubishi,Pajero,2007,20700,175
"United States",GMC,Yukon,2017,107150,180
"United States",Nissan,"Altima Coupe",2010,16000,200
Turkey,Peugeot,Boxer,2019,55350,150
China,BYD,S6,2016,23300,185
Japan,Suzuki,Jimny,2001,7700,138
"United States",Mercedes-Benz,R-Class,2007,41450,230
Japan,Toyota,Previa,2020,106100,184
Japan,Lexus,LX,2005,256000,195
Sweden,Koenigsegg,CCX,2009,2103950,395
Italy,Maserati,GranCabrio,2012,217950,283
Sweden,Volvo,XC70,2005,13400,210
Germany,Mercedes-Benz,GLC-Class,2022,187500,215
"United Kingdom",Bentley,"Continental GT",2014,279100,303
"South Korea",Kia,Optima,2008,8150,208
Japan,Honda,Jazz,2014,15550,190
Germany,BMW,M5,2015,277650,250
Canada,Ford,Edge,2010,17450,200
"United Kingdom",Bentley,"Continental GT",2007,208450,318
"United States",Ford,Expedition,2013,20800,160
"South Korea",Kia,Sorento,2011,21450,189
Germany,Mercedes-Benz,CLK-Class,2008,36800,234
China,Changan,Alsvin,2021,36875,180
Japan,Nissan,"Patrol Safari",2010,53700,190
China,Brilliance,"FRV Cross",2016,18050,160
Germany,Mercedes-Benz,"E 63 AMG",2013,106100,250
